case_id,state,M,N,K,D,logical_shape,valid_flops,local_output_bytes,T_comp_ns,T_move_ns,T_intra_ns,T_ring_ns,T_total_ns,selected_candidate,evidence
d6_m256_n12288_k256,I0,256,12288,256,6,"[256, 12288, 256]",1610612736,1048576,2995.9314285714286,8096.0,11091.931428571428,14826.666666666668,25918.598095238096,split_k_barrier,analytical_preflight_model_not_npusim
d6_m256_n12288_k256,I1,256,12288,256,6,"[256, 12288, 256]",1610612736,1048576,2995.9314285714286,8096.0,9593.965714285714,14826.666666666668,24420.632380952382,split_k_streaming_model,analytical_preflight_model_not_npusim
d6_m512_n12288_k256,I0,512,12288,256,6,"[512, 12288, 256]",3221225472,2097152,5991.862857142857,12192.0,18183.862857142856,21653.333333333336,39837.19619047619,split_k_barrier,analytical_preflight_model_not_npusim
d6_m512_n12288_k256,I1,512,12288,256,6,"[512, 12288, 256]",3221225472,2097152,5991.862857142857,12192.0,15187.931428571428,21653.333333333336,36841.264761904764,split_k_streaming_model,analytical_preflight_model_not_npusim
d6_m1024_n12288_k256,I0,1024,12288,256,6,"[1024, 12288, 256]",6442450944,4194304,11983.725714285714,20384.0,32367.725714285712,35306.66666666667,67674.39238095238,split_k_barrier,analytical_preflight_model_not_npusim
d6_m1024_n12288_k256,I1,1024,12288,256,6,"[1024, 12288, 256]",6442450944,4194304,11983.725714285714,20384.0,26375.862857142856,35306.66666666667,61682.52952380953,split_k_streaming_model,analytical_preflight_model_not_npusim
d6_m2048_n12288_k256,I0,2048,12288,256,6,"[2048, 12288, 256]",12884901888,8388608,23967.45142857143,36768.0,60735.451428571425,62613.333333333336,123348.78476190477,split_k_barrier,analytical_preflight_model_not_npusim
d6_m2048_n12288_k256,I1,2048,12288,256,6,"[2048, 12288, 256]",12884901888,8388608,23967.45142857143,36768.0,48751.72571428571,62613.333333333336,111365.05904761906,split_k_streaming_model,analytical_preflight_model_not_npusim
d6_m4096_n12288_k256,I0,4096,12288,256,6,"[4096, 12288, 256]",25769803776,16777216,47934.90285714286,69536.0,117470.90285714285,117226.66666666667,234697.56952380954,split_k_barrier,analytical_preflight_model_not_npusim
d6_m4096_n12288_k256,I1,4096,12288,256,6,"[4096, 12288, 256]",25769803776,16777216,47934.90285714286,69536.0,93503.45142857142,117226.66666666667,210730.1180952381,split_k_streaming_model,analytical_preflight_model_not_npusim
d6_m8192_n12288_k256,I0,8192,12288,256,6,"[8192, 12288, 256]",51539607552,33554432,95869.80571428571,135072.0,230941.8057142857,226453.33333333334,457395.1390476191,split_k_barrier,analytical_preflight_model_not_npusim
d6_m8192_n12288_k256,I1,8192,12288,256,6,"[8192, 12288, 256]",51539607552,33554432,95869.80571428571,135072.0,183006.90285714285,226453.33333333334,409460.2361904762,split_k_streaming_model,analytical_preflight_model_not_npusim
d6_m16384_n12288_k256,I0,16384,12288,256,6,"[16384, 12288, 256]",103079215104,67108864,191739.61142857143,266144.0,457883.6114285714,444906.6666666667,902790.2780952381,split_k_barrier,analytical_preflight_model_not_npusim
d6_m16384_n12288_k256,I1,16384,12288,256,6,"[16384, 12288, 256]",103079215104,67108864,191739.61142857143,266144.0,362013.8057142857,444906.6666666667,806920.4723809524,split_k_streaming_model,analytical_preflight_model_not_npusim
d6_m256_n12288_k1024,I0,256,12288,1024,6,"[256, 12288, 1024]",6442450944,1048576,11983.725714285714,8096.0,20079.725714285712,14826.666666666668,34906.392380952384,split_k_barrier,analytical_preflight_model_not_npusim
d6_m256_n12288_k1024,I1,256,12288,1024,6,"[256, 12288, 1024]",6442450944,1048576,11983.725714285714,8096.0,16031.725714285714,14826.666666666668,30858.392380952384,split_k_streaming_model,analytical_preflight_model_not_npusim
d6_m512_n12288_k1024,I0,512,12288,1024,6,"[512, 12288, 1024]",12884901888,2097152,23967.45142857143,12192.0,36159.451428571425,21653.333333333336,57812.78476190476,split_k_barrier,analytical_preflight_model_not_npusim
d6_m512_n12288_k1024,I1,512,12288,1024,6,"[512, 12288, 1024]",12884901888,2097152,23967.45142857143,12192.0,30063.45142857143,21653.333333333336,51716.78476190477,split_k_streaming_model,analytical_preflight_model_not_npusim
d6_m1024_n12288_k1024,I0,1024,12288,1024,6,"[1024, 12288, 1024]",25769803776,4194304,47934.90285714286,20384.0,68318.90285714285,35306.66666666667,103625.56952380952,split_k_barrier,analytical_preflight_model_not_npusim
d6_m1024_n12288_k1024,I1,1024,12288,1024,6,"[1024, 12288, 1024]",25769803776,4194304,47934.90285714286,20384.0,58126.90285714286,35306.66666666667,93433.56952380954,split_k_streaming_model,analytical_preflight_model_not_npusim
d6_m2048_n12288_k1024,I0,2048,12288,1024,6,"[2048, 12288, 1024]",51539607552,8388608,95869.80571428571,36768.0,132637.8057142857,62613.333333333336,195251.13904761904,split_k_barrier,analytical_preflight_model_not_npusim
d6_m2048_n12288_k1024,I1,2048,12288,1024,6,"[2048, 12288, 1024]",51539607552,8388608,95869.80571428571,36768.0,114253.80571428571,62613.333333333336,176867.13904761904,split_k_streaming_model,analytical_preflight_model_not_npusim
d6_m4096_n12288_k1024,I0,4096,12288,1024,6,"[4096, 12288, 1024]",103079215104,16777216,191739.61142857143,69536.0,261275.61142857143,117226.66666666667,378502.2780952381,split_k_barrier,analytical_preflight_model_not_npusim
d6_m4096_n12288_k1024,I1,4096,12288,1024,6,"[4096, 12288, 1024]",103079215104,16777216,191739.61142857143,69536.0,226507.61142857143,117226.66666666667,343734.2780952381,split_k_streaming_model,analytical_preflight_model_not_npusim
d6_m8192_n12288_k1024,I0,8192,12288,1024,6,"[8192, 12288, 1024]",206158430208,33554432,383479.22285714286,135072.0,518551.22285714286,226453.33333333334,745004.5561904762,split_k_barrier,analytical_preflight_model_not_npusim
d6_m8192_n12288_k1024,I1,8192,12288,1024,6,"[8192, 12288, 1024]",206158430208,33554432,383479.22285714286,135072.0,451015.22285714286,226453.33333333334,677468.5561904762,split_k_streaming_model,analytical_preflight_model_not_npusim
d6_m16384_n12288_k1024,I0,16384,12288,1024,6,"[16384, 12288, 1024]",412316860416,67108864,766958.4457142857,266144.0,1033102.4457142857,444906.6666666667,1478009.1123809523,split_k_barrier,analytical_preflight_model_not_npusim
d6_m16384_n12288_k1024,I1,16384,12288,1024,6,"[16384, 12288, 1024]",412316860416,67108864,766958.4457142857,266144.0,900030.4457142857,444906.6666666667,1344937.1123809523,split_k_streaming_model,analytical_preflight_model_not_npusim
d6_m256_n12288_k4096,I0,256,12288,4096,6,"[256, 12288, 4096]",25769803776,1048576,47934.90285714286,8096.0,56030.90285714286,14826.666666666668,70857.56952380952,split_k_barrier,analytical_preflight_model_not_npusim
d6_m256_n12288_k4096,I1,256,12288,4096,6,"[256, 12288, 4096]",25769803776,1048576,47934.90285714286,8096.0,51982.90285714286,14826.666666666668,66809.56952380952,split_k_streaming_model,analytical_preflight_model_not_npusim
d6_m512_n12288_k4096,I0,512,12288,4096,6,"[512, 12288, 4096]",51539607552,2097152,95869.80571428571,12192.0,108061.80571428571,21653.333333333336,129715.13904761904,split_k_barrier,analytical_preflight_model_not_npusim
d6_m512_n12288_k4096,I1,512,12288,4096,6,"[512, 12288, 4096]",51539607552,2097152,95869.80571428571,12192.0,101965.80571428571,21653.333333333336,123619.13904761904,split_k_streaming_model,analytical_preflight_model_not_npusim
d6_m1024_n12288_k4096,I0,1024,12288,4096,6,"[1024, 12288, 4096]",103079215104,4194304,191739.61142857143,20384.0,212123.61142857143,35306.66666666667,247430.27809523809,split_k_barrier,analytical_preflight_model_not_npusim
d6_m1024_n12288_k4096,I1,1024,12288,4096,6,"[1024, 12288, 4096]",103079215104,4194304,191739.61142857143,20384.0,201931.61142857143,35306.66666666667,237238.27809523809,split_k_streaming_model,analytical_preflight_model_not_npusim
d6_m2048_n12288_k4096,I0,2048,12288,4096,6,"[2048, 12288, 4096]",206158430208,8388608,383479.22285714286,36768.0,420247.22285714286,62613.333333333336,482860.55619047617,split_k_barrier,analytical_preflight_model_not_npusim
d6_m2048_n12288_k4096,I1,2048,12288,4096,6,"[2048, 12288, 4096]",206158430208,8388608,383479.22285714286,36768.0,401863.22285714286,62613.333333333336,464476.55619047617,split_k_streaming_model,analytical_preflight_model_not_npusim
d6_m4096_n12288_k4096,I0,4096,12288,4096,6,"[4096, 12288, 4096]",412316860416,16777216,766958.4457142857,69536.0,836494.4457142857,117226.66666666667,953721.1123809523,split_k_barrier,analytical_preflight_model_not_npusim
d6_m4096_n12288_k4096,I1,4096,12288,4096,6,"[4096, 12288, 4096]",412316860416,16777216,766958.4457142857,69536.0,801726.4457142857,117226.66666666667,918953.1123809523,split_k_streaming_model,analytical_preflight_model_not_npusim
d6_m8192_n12288_k4096,I0,8192,12288,4096,6,"[8192, 12288, 4096]",824633720832,33554432,1533916.8914285714,135072.0,1668988.8914285714,226453.33333333334,1895442.2247619047,split_k_barrier,analytical_preflight_model_not_npusim
d6_m8192_n12288_k4096,I1,8192,12288,4096,6,"[8192, 12288, 4096]",824633720832,33554432,1533916.8914285714,135072.0,1601452.8914285714,226453.33333333334,1827906.2247619047,split_k_streaming_model,analytical_preflight_model_not_npusim
d6_m16384_n12288_k4096,I0,16384,12288,4096,6,"[16384, 12288, 4096]",1649267441664,67108864,3067833.782857143,266144.0,3333977.782857143,444906.6666666667,3778884.4495238094,split_k_barrier,analytical_preflight_model_not_npusim
d6_m16384_n12288_k4096,I1,16384,12288,4096,6,"[16384, 12288, 4096]",1649267441664,67108864,3067833.782857143,266144.0,3200905.782857143,444906.6666666667,3645812.4495238094,split_k_streaming_model,analytical_preflight_model_not_npusim
d6_m256_n12288_k16384,I0,256,12288,16384,6,"[256, 12288, 16384]",103079215104,1048576,191739.61142857143,8096.0,199835.61142857143,14826.666666666668,214662.27809523809,split_k_barrier,analytical_preflight_model_not_npusim
d6_m256_n12288_k16384,I1,256,12288,16384,6,"[256, 12288, 16384]",103079215104,1048576,191739.61142857143,8096.0,195787.61142857143,14826.666666666668,210614.27809523809,split_k_streaming_model,analytical_preflight_model_not_npusim
d6_m512_n12288_k16384,I0,512,12288,16384,6,"[512, 12288, 16384]",206158430208,2097152,383479.22285714286,12192.0,395671.22285714286,21653.333333333336,417324.55619047617,split_k_barrier,analytical_preflight_model_not_npusim
d6_m512_n12288_k16384,I1,512,12288,16384,6,"[512, 12288, 16384]",206158430208,2097152,383479.22285714286,12192.0,389575.22285714286,21653.333333333336,411228.55619047617,split_k_streaming_model,analytical_preflight_model_not_npusim
d6_m1024_n12288_k16384,I0,1024,12288,16384,6,"[1024, 12288, 16384]",412316860416,4194304,766958.4457142857,20384.0,787342.4457142857,35306.66666666667,822649.1123809523,split_k_barrier,analytical_preflight_model_not_npusim
d6_m1024_n12288_k16384,I1,1024,12288,16384,6,"[1024, 12288, 16384]",412316860416,4194304,766958.4457142857,20384.0,777150.4457142857,35306.66666666667,812457.1123809523,split_k_streaming_model,analytical_preflight_model_not_npusim
d6_m2048_n12288_k16384,I0,2048,12288,16384,6,"[2048, 12288, 16384]",824633720832,8388608,1533916.8914285714,36768.0,1570684.8914285714,62613.333333333336,1633298.2247619047,split_k_barrier,analytical_preflight_model_not_npusim
d6_m2048_n12288_k16384,I1,2048,12288,16384,6,"[2048, 12288, 16384]",824633720832,8388608,1533916.8914285714,36768.0,1552300.8914285714,62613.333333333336,1614914.2247619047,split_k_streaming_model,analytical_preflight_model_not_npusim
d6_m4096_n12288_k16384,I0,4096,12288,16384,6,"[4096, 12288, 16384]",1649267441664,16777216,3067833.782857143,69536.0,3137369.782857143,117226.66666666667,3254596.4495238094,split_k_barrier,analytical_preflight_model_not_npusim
d6_m4096_n12288_k16384,I1,4096,12288,16384,6,"[4096, 12288, 16384]",1649267441664,16777216,3067833.782857143,69536.0,3102601.782857143,117226.66666666667,3219828.4495238094,split_k_streaming_model,analytical_preflight_model_not_npusim
d6_m8192_n12288_k16384,I0,8192,12288,16384,6,"[8192, 12288, 16384]",3298534883328,33554432,6135667.565714286,135072.0,6270739.565714286,226453.33333333334,6497192.899047619,split_k_barrier,analytical_preflight_model_not_npusim
d6_m8192_n12288_k16384,I1,8192,12288,16384,6,"[8192, 12288, 16384]",3298534883328,33554432,6135667.565714286,135072.0,6203203.565714286,226453.33333333334,6429656.899047619,split_k_streaming_model,analytical_preflight_model_not_npusim
d6_m16384_n12288_k16384,I0,16384,12288,16384,6,"[16384, 12288, 16384]",6597069766656,67108864,12271335.131428571,266144.0,12537479.131428571,444906.6666666667,12982385.798095237,split_k_barrier,analytical_preflight_model_not_npusim
d6_m16384_n12288_k16384,I1,16384,12288,16384,6,"[16384, 12288, 16384]",6597069766656,67108864,12271335.131428571,266144.0,12404407.131428571,444906.6666666667,12849313.798095237,split_k_streaming_model,analytical_preflight_model_not_npusim
d6_m256_n12288_k65536,I0,256,12288,65536,6,"[256, 12288, 65536]",412316860416,1048576,766958.4457142857,8096.0,775054.4457142857,14826.666666666668,789881.1123809523,split_k_barrier,analytical_preflight_model_not_npusim
d6_m256_n12288_k65536,I1,256,12288,65536,6,"[256, 12288, 65536]",412316860416,1048576,766958.4457142857,8096.0,771006.4457142857,14826.666666666668,785833.1123809523,split_k_streaming_model,analytical_preflight_model_not_npusim
d6_m512_n12288_k65536,I0,512,12288,65536,6,"[512, 12288, 65536]",824633720832,2097152,1533916.8914285714,12192.0,1546108.8914285714,21653.333333333336,1567762.2247619047,split_k_barrier,analytical_preflight_model_not_npusim
d6_m512_n12288_k65536,I1,512,12288,65536,6,"[512, 12288, 65536]",824633720832,2097152,1533916.8914285714,12192.0,1540012.8914285714,21653.333333333336,1561666.2247619047,split_k_streaming_model,analytical_preflight_model_not_npusim
d6_m1024_n12288_k65536,I0,1024,12288,65536,6,"[1024, 12288, 65536]",1649267441664,4194304,3067833.782857143,20384.0,3088217.782857143,35306.66666666667,3123524.4495238094,split_k_barrier,analytical_preflight_model_not_npusim
d6_m1024_n12288_k65536,I1,1024,12288,65536,6,"[1024, 12288, 65536]",1649267441664,4194304,3067833.782857143,20384.0,3078025.782857143,35306.66666666667,3113332.4495238094,split_k_streaming_model,analytical_preflight_model_not_npusim
d6_m2048_n12288_k65536,I0,2048,12288,65536,6,"[2048, 12288, 65536]",3298534883328,8388608,6135667.565714286,36768.0,6172435.565714286,62613.333333333336,6235048.899047619,split_k_barrier,analytical_preflight_model_not_npusim
d6_m2048_n12288_k65536,I1,2048,12288,65536,6,"[2048, 12288, 65536]",3298534883328,8388608,6135667.565714286,36768.0,6154051.565714286,62613.333333333336,6216664.899047619,split_k_streaming_model,analytical_preflight_model_not_npusim
d6_m4096_n12288_k65536,I0,4096,12288,65536,6,"[4096, 12288, 65536]",6597069766656,16777216,12271335.131428571,69536.0,12340871.131428571,117226.66666666667,12458097.798095237,split_k_barrier,analytical_preflight_model_not_npusim
d6_m4096_n12288_k65536,I1,4096,12288,65536,6,"[4096, 12288, 65536]",6597069766656,16777216,12271335.131428571,69536.0,12306103.131428571,117226.66666666667,12423329.798095237,split_k_streaming_model,analytical_preflight_model_not_npusim
d6_m8192_n12288_k65536,I0,8192,12288,65536,6,"[8192, 12288, 65536]",13194139533312,33554432,24542670.262857143,135072.0,24677742.262857143,226453.33333333334,24904195.596190475,split_k_barrier,analytical_preflight_model_not_npusim
d6_m8192_n12288_k65536,I1,8192,12288,65536,6,"[8192, 12288, 65536]",13194139533312,33554432,24542670.262857143,135072.0,24610206.262857143,226453.33333333334,24836659.596190475,split_k_streaming_model,analytical_preflight_model_not_npusim
d6_m16384_n12288_k65536,I0,16384,12288,65536,6,"[16384, 12288, 65536]",26388279066624,67108864,49085340.525714286,266144.0,49351484.525714286,444906.6666666667,49796391.19238095,split_k_barrier,analytical_preflight_model_not_npusim
d6_m16384_n12288_k65536,I1,16384,12288,65536,6,"[16384, 12288, 65536]",26388279066624,67108864,49085340.525714286,266144.0,49218412.525714286,444906.6666666667,49663319.19238095,split_k_streaming_model,analytical_preflight_model_not_npusim
